,num_robots,robot_speed,robot_speed_kmh,simulation_duration,generation,num_risks,num_delivered,utilization_rate,delivery_rate,simulations,num_delivered_0,utilization_rate_0,delivery_rate_0,num_risks_0,unique_id_0,seed_0,requests_per_hour_0,execution_time_0,num_delivered_1,utilization_rate_1,delivery_rate_1,num_risks_1,unique_id_1,seed_1,requests_per_hour_1,execution_time_1,num_delivered_2,utilization_rate_2,delivery_rate_2,num_risks_2,unique_id_2,seed_2,requests_per_hour_2,execution_time_2,num_delivered_3,utilization_rate_3,delivery_rate_3,num_risks_3,unique_id_3,seed_3,requests_per_hour_3,execution_time_3,num_delivered_4,utilization_rate_4,delivery_rate_4,num_risks_4,unique_id_4,seed_4,requests_per_hour_4,execution_time_4,sequential_execution_time,execution_time
0,4,154,15.4,5,0,14.280000000000001,19.8,0.9787416666666667,0.396,5,19.6,0.9735694444444444,0.392,13.4,0,364067609238,50,78.54221081733704,20.0,0.9869861111111111,0.4,15.6,1,111127028223,50,56.276463747024536,19.8,0.97125,0.396,13.0,2,178603726933,50,77.7810161113739,19.8,0.9813888888888889,0.396,14.2,3,955054761915,50,67.6066062450409,19.8,0.980513888888889,0.396,15.2,4,464394464229,50,70.78149795532227,350.98779487609863,0.0006670951843261719
1,6,127,12.7,5,0,22.48,28.920000000000005,0.9806777777777779,0.5784,5,28.8,0.9777685185185185,0.576,21.6,5,364067609238,50,103.20339775085449,28.6,0.9810185185185185,0.572,26.0,6,111127028223,50,102.42809247970581,29.2,0.988824074074074,0.584,20.6,7,178603726933,50,88.19164085388184,29.0,0.9774537037037038,0.58,23.2,8,955054761915,50,102.96010708808899,29.0,0.9783240740740742,0.58,21.0,9,464394464229,50,103.13850736618042,499.92174553871155,0.0005123615264892578
2,4,24,2.4,5,0,9.04,11.0,0.9808472222222223,0.22000000000000003,5,10.8,0.977875,0.216,9.6,10,364067609238,50,112.46447420120239,11.0,0.9845972222222222,0.22,9.8,11,111127028223,50,107.82335758209229,11.2,0.9878611111111111,0.224,7.4,12,178603726933,50,93.65888237953186,10.8,0.973013888888889,0.216,8.4,13,955054761915,50,109.37059187889099,11.2,0.9808888888888889,0.224,10.0,14,464394464229,50,103.7747232913971,527.0920293331146,0.00047969818115234375
3,4,93,9.3,5,0,15.12,17.880000000000003,0.9761388888888888,0.3576,5,17.6,0.9719583333333333,0.352,15.4,15,364067609238,50,95.18703246116638,17.6,0.9638611111111111,0.352,12.0,16,111127028223,50,105.77482676506042,18.0,0.9771527777777778,0.36,15.4,17,178603726933,50,87.14598369598389,18.0,0.9835277777777778,0.36,15.0,18,955054761915,50,75.95525765419006,18.2,0.9841944444444445,0.364,17.8,19,464394464229,50,75.46755504608154,439.5306556224823,0.0004813671112060547
4,1,109,10.9,5,0,3.8,4.640000000000001,0.9849555555555556,0.0928,5,4.6,0.9893333333333332,0.092,4.4,20,364067609238,50,22.600271224975586,4.6,0.9768888888888888,0.092,3.6,21,111127028223,50,31.49966025352478,4.8,0.9840555555555556,0.096,4.0,22,178603726933,50,25.696041584014893,4.6,0.9892222222222222,0.092,4.2,23,955054761915,50,25.189773559570312,4.6,0.9852777777777778,0.092,2.8,24,464394464229,50,24.788013219833374,129.77375984191895,0.00042176246643066406
5,4,35,3.5,5,0,11.679999999999998,12.959999999999999,0.9752416666666666,0.2592,5,13.0,0.9846944444444444,0.26,13.2,25,364067609238,50,94.60711216926575,13.0,0.9748055555555555,0.26,11.2,26,111127028223,50,110.32415580749512,12.8,0.9632499999999999,0.256,11.0,27,178603726933,50,125.66475772857666,12.8,0.9729027777777778,0.256,12.2,28,955054761915,50,112.10669159889221,13.2,0.9805555555555555,0.264,10.8,29,464394464229,50,99.57678151130676,542.2794988155365,0.0004756450653076172
6,9,111,11.1,5,0,32.0,42.08,0.9793234567901233,0.8416,5,41.8,0.9736604938271604,0.836,34.4,30,364067609238,50,137.92951655387878,42.2,0.9824814814814814,0.844,32.0,31,111127028223,50,131.1209499835968,42.2,0.9835987654320988,0.844,29.6,32,178603726933,50,132.96574664115906,42.4,0.9806975308641975,0.848,34.2,33,955054761915,50,133.68914818763733,41.8,0.9761790123456789,0.836,29.8,34,464394464229,50,138.354914188385,674.060275554657,0.00041794776916503906
7,6,187,18.7,5,0,23.119999999999997,30.4,0.9729574074074074,0.608,5,30.2,0.9685092592592591,0.604,24.2,35,364067609238,50,109.28940844535828,30.8,0.9875925925925927,0.616,22.8,36,111127028223,50,87.78280520439148,30.2,0.967638888888889,0.604,24.6,37,178603726933,50,110.82288026809692,30.4,0.9722777777777778,0.608,22.6,38,955054761915,50,104.05485773086548,30.4,0.9687685185185186,0.608,21.4,39,464394464229,50,105.81181216239929,517.7617638111115,0.000415802001953125
8,4,113,11.3,5,0,14.559999999999999,18.839999999999996,0.9833972222222223,0.37679999999999997,5,18.6,0.9804027777777777,0.372,14.6,40,364067609238,50,82.46897721290588,19.2,0.9922916666666667,0.384,13.2,41,111127028223,50,61.50874853134155,18.8,0.9798611111111112,0.376,16.0,42,178603726933,50,76.39785718917847,18.8,0.9839305555555555,0.376,15.8,43,955054761915,50,73.7372477054596,18.8,0.9804999999999999,0.376,13.2,44,464394464229,50,80.1121563911438,374.2249870300293,0.0004189014434814453
9,8,118,11.8,5,0,30.199999999999996,37.96,0.9792555555555555,0.7592000000000001,5,38.2,0.9848125000000001,0.764,32.4,45,364067609238,50,116.43335056304932,37.8,0.9786458333333334,0.756,32.8,46,111127028223,50,126.9975643157959,37.8,0.9792083333333332,0.756,32.6,47,178603726933,50,125.95482420921326,38.2,0.983111111111111,0.764,26.0,48,955054761915,50,121.87536311149597,37.8,0.9704999999999999,0.756,27.2,49,464394464229,50,135.798930644989,627.0600328445435,0.0004184246063232422
10,4,47,4.7,5,0,10.84,14.719999999999999,0.9807777777777777,0.2944,5,14.6,0.9824305555555556,0.292,12.6,50,364067609238,50,91.37145018577576,15.0,0.9929444444444443,0.3,11.8,51,111127028223,50,77.89660453796387,14.6,0.9775,0.292,11.4,52,178603726933,50,100.50707602500916,14.4,0.9714166666666667,0.288,10.4,53,955054761915,50,110.55153584480286,15.0,0.9795972222222221,0.3,8.0,54,464394464229,50,94.75826859474182,475.08493518829346,0.0004181861877441406
11,3,88,8.8,5,0,9.120000000000001,13.279999999999998,0.9780148148148149,0.2656,5,13.2,0.9765740740740741,0.264,11.0,55,364067609238,50,75.94623231887817,13.2,0.9757037037037039,0.264,7.4,56,111127028223,50,71.53140377998352,13.2,0.9756851851851852,0.264,8.8,57,178603726933,50,74.22215723991394,13.4,0.9865185185185185,0.268,10.4,58,955054761915,50,60.72753167152405,13.4,0.9755925925925926,0.268,8.0,59,464394464229,50,74.31253910064697,356.73986411094666,0.00041961669921875
12,1,111,11.1,5,1,4.4,4.640000000000001,0.9826777777777778,0.0928,5,4.6,0.9852222222222222,0.092,5.2,60,364067609238,50,27.078853845596313,4.6,0.9731666666666666,0.092,3.6,61,111127028223,50,31.94306778907776,4.8,0.9806666666666668,0.096,3.0,62,178603726933,50,28.349669933319092,4.6,0.9853888888888888,0.092,4.2,63,955054761915,50,25.337761878967285,4.6,0.9889444444444444,0.092,6.0,64,464394464229,50,26.205761194229126,138.91511464118958,0.00041866302490234375
13,5,49,4.9,5,1,15.16,18.8,0.9793422222222222,0.376,5,18.4,0.9780222222222223,0.368,13.4,65,364067609238,50,121.27011632919312,18.6,0.9769,0.372,15.6,66,111127028223,50,118.4608793258667,19.0,0.9845777777777778,0.38,13.8,67,178603726933,50,103.24056649208069,18.8,0.9749666666666668,0.376,17.4,68,955054761915,50,118.63237380981445,19.2,0.9822444444444445,0.384,15.6,69,464394464229,50,105.76854062080383,567.3724765777588,0.0004534721374511719
14,8,118,11.8,5,1,30.199999999999996,37.96,0.9792555555555555,0.7592000000000001,5,38.2,0.9848125000000001,0.764,32.4,45,364067609238,50,116.43335056304932,37.8,0.9786458333333334,0.756,32.8,46,111127028223,50,126.9975643157959,37.8,0.9792083333333332,0.756,32.6,47,178603726933,50,125.95482420921326,38.2,0.983111111111111,0.764,26.0,48,955054761915,50,121.87536311149597,37.8,0.9704999999999999,0.756,27.2,49,464394464229,50,135.798930644989,627.0600328445435,0.0004169940948486328
15,8,113,11.3,5,1,30.439999999999998,37.72,0.9806333333333331,0.7544000000000001,5,38.0,0.9835208333333333,0.76,27.6,70,364067609238,50,121.14248013496399,37.6,0.9780486111111111,0.752,35.4,71,111127028223,50,127.72415137290955,37.2,0.9777152777777777,0.744,32.6,72,178603726933,50,128.8025918006897,38.2,0.9874583333333333,0.764,28.0,73,955054761915,50,116.18628764152527,37.6,0.9764236111111111,0.752,28.6,74,464394464229,50,128.656640291214,622.5121512413025,0.0004203319549560547
16,4,114,11.4,5,1,15.079999999999998,18.84,0.9814333333333334,0.37679999999999997,5,18.6,0.9786805555555557,0.372,17.0,75,364067609238,50,83.40893340110779,19.0,0.9840138888888889,0.38,14.0,76,111127028223,50,72.96691083908081,19.0,0.9820416666666667,0.38,16.4,77,178603726933,50,72.17671728134155,18.8,0.9837222222222222,0.376,14.4,78,955054761915,50,77.4238452911377,18.8,0.9787083333333333,0.376,13.6,79,464394464229,50,81.88585901260376,387.8622658252716,0.0004177093505859375
17,5,47,4.7,5,1,13.719999999999999,18.560000000000002,0.9803644444444444,0.3712,5,18.0,0.9777444444444443,0.36,13.4,80,364067609238,50,118.43379139900208,18.6,0.9819222222222223,0.372,14.0,81,111127028223,50,111.7706458568573,18.6,0.9753555555555555,0.372,13.0,82,178603726933,50,121.26285147666931,18.6,0.9831777777777777,0.372,16.6,83,955054761915,50,109.8121428489685,19.0,0.9836222222222222,0.38,11.6,84,464394464229,50,104.41358661651611,565.6930181980133,0.00041675567626953125
18,3,155,15.5,5,1,11.44,14.84,0.9791444444444444,0.2968,5,14.8,0.9802222222222223,0.296,14.2,85,364067609238,50,57.023386001586914,14.8,0.9760925925925926,0.296,9.2,86,111127028223,50,65.50095701217651,14.6,0.968111111111111,0.292,10.4,87,178603726933,50,71.50100135803223,15.0,0.9858703703703705,0.3,10.0,88,955054761915,50,49.68110942840576,15.0,0.9854259259259258,0.3,13.4,89,464394464229,50,50.664961099624634,294.37141489982605,0.0004203319549560547
19,4,154,15.4,5,1,14.280000000000001,19.8,0.9787416666666667,0.396,5,19.6,0.9735694444444444,0.392,13.4,0,364067609238,50,78.54221081733704,20.0,0.9869861111111111,0.4,15.6,1,111127028223,50,56.276463747024536,19.8,0.97125,0.396,13.0,2,178603726933,50,77.7810161113739,19.8,0.9813888888888889,0.396,14.2,3,955054761915,50,67.6066062450409,19.8,0.980513888888889,0.396,15.2,4,464394464229,50,70.78149795532227,350.98779487609863,0.00041413307189941406
20,5,47,4.7,5,1,13.719999999999999,18.560000000000002,0.9803644444444444,0.3712,5,18.0,0.9777444444444443,0.36,13.4,80,364067609238,50,118.43379139900208,18.6,0.9819222222222223,0.372,14.0,81,111127028223,50,111.7706458568573,18.6,0.9753555555555555,0.372,13.0,82,178603726933,50,121.26285147666931,18.6,0.9831777777777777,0.372,16.6,83,955054761915,50,109.8121428489685,19.0,0.9836222222222222,0.38,11.6,84,464394464229,50,104.41358661651611,565.6930181980133,0.00041294097900390625
21,3,47,4.7,5,1,8.36,11.0,0.9786777777777778,0.22000000000000003,5,11.2,0.9773518518518518,0.224,8.6,90,364067609238,50,77.12001657485962,10.8,0.971648148148148,0.216,10.0,91,111127028223,50,87.15282225608826,11.0,0.9836296296296295,0.22,6.2,92,178603726933,50,71.98677897453308,10.8,0.9809444444444444,0.216,8.6,93,955054761915,50,77.77900886535645,11.2,0.9798148148148148,0.224,8.4,94,464394464229,50,73.93873763084412,387.9773643016815,0.0004756450653076172
22,8,118,11.8,5,1,30.199999999999996,37.96,0.9792555555555555,0.7592000000000001,5,38.2,0.9848125000000001,0.764,32.4,45,364067609238,50,116.43335056304932,37.8,0.9786458333333334,0.756,32.8,46,111127028223,50,126.9975643157959,37.8,0.9792083333333332,0.756,32.6,47,178603726933,50,125.95482420921326,38.2,0.983111111111111,0.764,26.0,48,955054761915,50,121.87536311149597,37.8,0.9704999999999999,0.756,27.2,49,464394464229,50,135.798930644989,627.0600328445435,0.0004127025604248047
23,4,27,2.7,5,1,8.48,11.64,0.9779916666666667,0.23280000000000003,5,11.6,0.980375,0.232,8.2,95,364067609238,50,106.67464637756348,11.6,0.9815416666666665,0.232,9.2,96,111127028223,50,101.44278001785278,11.6,0.96675,0.232,6.8,97,178603726933,50,123.59385275840759,11.6,0.98875,0.232,8.4,98,955054761915,50,90.45407581329346,11.8,0.9725416666666666,0.236,9.8,99,464394464229,50,117.306325674057,539.4716806411743,0.0004146099090576172
24,1,14,1.4,5,2,1.52,2.0,0.9850333333333333,0.04,5,1.8,0.9923888888888888,0.036,1.8,100,364067609238,50,31.60203981399536,2.0,0.9788888888888888,0.04,1.6,101,111127028223,50,37.29713988304138,2.4,0.9851666666666666,0.048,1.2,102,178603726933,50,32.03077816963196,2.0,0.9820555555555556,0.04,1.8,103,955054761915,50,34.72864246368408,1.8,0.9866666666666668,0.036,1.2,104,464394464229,50,35.341968059539795,171.00056838989258,0.0004191398620605469
25,2,112,11.2,5,2,6.92,9.320000000000002,0.9807277777777778,0.18639999999999998,5,9.4,0.9877499999999999,0.188,8.4,105,364067609238,50,42.3813362121582,9.4,0.9901666666666666,0.188,5.8,106,111127028223,50,38.76703071594238,9.4,0.9732222222222222,0.188,8.8,107,178603726933,50,52.98126578330994,9.2,0.9783611111111112,0.184,5.2,108,955054761915,50,51.83245801925659,9.2,0.974138888888889,0.184,6.4,109,464394464229,50,53.96542930603027,239.9275200366974,0.0004818439483642578
26,1,104,10.4,5,2,3.7199999999999998,4.6,0.9826888888888888,0.092,5,4.6,0.9896111111111112,0.092,2.2,110,364067609238,50,25.13241744041443,4.6,0.9870555555555556,0.092,5.0,111,111127028223,50,27.097256183624268,4.8,0.9929444444444444,0.096,3.8,112,178603726933,50,22.768468141555786,4.6,0.9815,0.092,4.2,113,955054761915,50,23.24961757659912,4.4,0.9623333333333334,0.088,3.4,114,464394464229,50,38.06066083908081,136.3084201812744,0.00041961669921875
27,3,44,4.4,5,2,8.52,10.680000000000001,0.9800962962962962,0.2136,5,11.0,0.984648148148148,0.22,7.4,115,364067609238,50,68.34035539627075,10.6,0.9785925925925927,0.212,9.4,116,111127028223,50,79.00701689720154,10.6,0.978388888888889,0.212,8.0,117,178603726933,50,83.09539747238159,10.6,0.9835370370370371,0.212,8.6,118,955054761915,50,76.04232215881348,10.6,0.9753148148148147,0.212,9.2,119,464394464229,50,84.52656292915344,391.0116548538208,0.0004169940948486328
28,8,109,10.9,5,2,28.52,37.2,0.9767666666666667,0.744,5,37.2,0.9758541666666666,0.744,31.6,120,364067609238,50,133.0492765903473,37.0,0.9714652777777779,0.74,31.6,121,111127028223,50,139.18537092208862,36.8,0.9757708333333333,0.736,29.8,122,178603726933,50,132.86378169059753,37.4,0.9794583333333333,0.748,25.0,123,955054761915,50,126.63676929473877,37.6,0.9812847222222222,0.752,24.6,124,464394464229,50,127.498788356781,659.2339868545532,0.0004143714904785156
29,1,120,12.0,5,2,3.4799999999999995,4.68,0.9737444444444444,0.09359999999999999,5,4.6,0.9688888888888888,0.092,4.4,125,364067609238,50,35.638426780700684,4.8,0.9911666666666666,0.096,3.8,126,111127028223,50,24.756205558776855,4.8,0.9672777777777778,0.096,2.4,127,178603726933,50,35.688154220581055,4.6,0.9691666666666666,0.092,3.8,128,955054761915,50,35.98867416381836,4.6,0.9722222222222222,0.092,3.0,129,464394464229,50,33.96243381500244,166.0338945388794,0.00041365623474121094
30,8,131,13.1,5,2,28.4,38.720000000000006,0.9780583333333335,0.7744,5,38.8,0.978625,0.776,31.8,130,364067609238,50,121.79616403579712,38.8,0.97925,0.776,26.8,131,111127028223,50,121.48334741592407,38.4,0.9817847222222222,0.768,30.0,132,178603726933,50,124.79584240913391,38.8,0.9762500000000001,0.776,27.6,133,955054761915,50,123.0839831829071,38.8,0.9743819444444444,0.776,25.8,134,464394464229,50,126.52002191543579,617.679358959198,0.0004200935363769531
31,3,47,4.7,5,2,8.36,11.0,0.9786777777777778,0.22000000000000003,5,11.2,0.9773518518518518,0.224,8.6,90,364067609238,50,77.12001657485962,10.8,0.971648148148148,0.216,10.0,91,111127028223,50,87.15282225608826,11.0,0.9836296296296295,0.22,6.2,92,178603726933,50,71.98677897453308,10.8,0.9809444444444444,0.216,8.6,93,955054761915,50,77.77900886535645,11.2,0.9798148148148148,0.224,8.4,94,464394464229,50,73.93873763084412,387.9773643016815,0.0004153251647949219
32,2,47,4.7,5,2,5.5600000000000005,7.359999999999999,0.9784833333333334,0.1472,5,7.4,0.9758333333333333,0.148,6.0,135,364067609238,50,58.36336278915405,7.4,0.9794166666666667,0.148,5.8,136,111127028223,50,54.942299604415894,7.6,0.9798055555555556,0.152,5.8,137,178603726933,50,52.00138330459595,7.2,0.9868333333333335,0.144,5.8,138,955054761915,50,43.33708930015564,7.2,0.9705277777777778,0.144,4.4,139,464394464229,50,62.31119084358215,270.9553258419037,0.0004162788391113281
33,6,111,11.1,5,2,22.28,28.160000000000004,0.9801370370370369,0.5632,5,27.8,0.971898148148148,0.556,23.4,140,364067609238,50,115.30865216255188,28.4,0.9876574074074075,0.568,20.8,141,111127028223,50,92.94275569915771,28.0,0.9778703703703703,0.56,21.8,142,178603726933,50,108.91221070289612,28.0,0.9761944444444445,0.56,22.4,143,955054761915,50,111.7379195690155,28.6,0.9870648148148148,0.572,23.0,144,464394464229,50,95.4935953617096,524.3951334953308,0.00041985511779785156
34,3,102,10.2,5,2,9.2,13.760000000000002,0.979274074074074,0.2752,5,13.8,0.9830740740740739,0.276,9.4,145,364067609238,50,60.43390512466431,13.8,0.9813148148148149,0.276,8.4,146,111127028223,50,61.79224348068237,13.8,0.9829074074074075,0.276,9.4,147,178603726933,50,61.54867506027222,13.6,0.9723518518518519,0.272,9.6,148,955054761915,50,76.20600032806396,13.8,0.9767222222222222,0.276,9.2,149,464394464229,50,70.45882225036621,330.4396462440491,0.00041747093200683594
35,4,114,11.4,5,2,15.079999999999998,18.84,0.9814333333333334,0.37679999999999997,5,18.6,0.9786805555555557,0.372,17.0,75,364067609238,50,83.40893340110779,19.0,0.9840138888888889,0.38,14.0,76,111127028223,50,72.96691083908081,19.0,0.9820416666666667,0.38,16.4,77,178603726933,50,72.17671728134155,18.8,0.9837222222222222,0.376,14.4,78,955054761915,50,77.4238452911377,18.8,0.9787083333333333,0.376,13.6,79,464394464229,50,81.88585901260376,387.8622658252716,0.00041222572326660156
36,1,187,18.7,5,3,3.7600000000000002,5.04,0.9740555555555556,0.1008,5,5.0,0.9685,0.1,4.8,150,364067609238,50,31.999449491500854,5.0,0.9646666666666668,0.1,4.0,151,111127028223,50,31.9359610080719,5.2,0.9882222222222222,0.104,2.2,152,178603726933,50,21.211423635482788,5.0,0.9740555555555556,0.1,3.8,153,955054761915,50,29.141363859176636,5.0,0.9748333333333332,0.1,4.0,154,464394464229,50,27.490286111831665,141.77848410606384,0.0004570484161376953
37,6,14,1.4,5,3,8.76,12.48,0.9697870370370371,0.2496,5,12.4,0.9669351851851852,0.248,8.8,155,364067609238,50,203.1683268547058,12.8,0.9827037037037036,0.256,8.2,156,111127028223,50,163.23717308044434,12.0,0.9509444444444445,0.24,9.4,157,178603726933,50,237.18768572807312,12.4,0.9679074074074073,0.248,8.0,158,955054761915,50,196.17104244232178,12.8,0.9804444444444446,0.256,9.4,159,464394464229,50,147.4912941455841,947.2555222511292,0.0004191398620605469
38,1,108,10.8,5,3,3.1599999999999997,4.640000000000001,0.9869333333333333,0.0928,5,4.6,0.9913333333333332,0.092,2.2,160,364067609238,50,22.77116560935974,4.6,0.9789444444444444,0.092,3.4,161,111127028223,50,27.986783266067505,4.8,0.9857222222222224,0.096,2.6,162,178603726933,50,23.33379554748535,4.6,0.9913888888888888,0.092,4.6,163,955054761915,50,22.525793313980103,4.6,0.9872777777777778,0.092,3.0,164,464394464229,50,24.253425359725952,120.87096309661865,0.0004162788391113281
39,1,109,10.9,5,3,3.8,4.640000000000001,0.9849555555555556,0.0928,5,4.6,0.9893333333333332,0.092,4.4,20,364067609238,50,22.600271224975586,4.6,0.9768888888888888,0.092,3.6,21,111127028223,50,31.49966025352478,4.8,0.9840555555555556,0.096,4.0,22,178603726933,50,25.696041584014893,4.6,0.9892222222222222,0.092,4.2,23,955054761915,50,25.189773559570312,4.6,0.9852777777777778,0.092,2.8,24,464394464229,50,24.788013219833374,129.77375984191895,0.00041675567626953125
40,1,122,12.2,5,3,3.9200000000000004,4.68,0.9705222222222222,0.09359999999999999,5,4.6,0.9655555555555556,0.092,3.2,165,364067609238,50,37.319560050964355,4.8,0.9881111111111112,0.096,5.2,166,111127028223,50,24.31614589691162,4.8,0.9644444444444444,0.096,4.8,167,178603726933,50,38.11652135848999,4.6,0.9656666666666668,0.092,2.8,168,955054761915,50,37.455673694610596,4.6,0.9688333333333332,0.092,3.6,169,464394464229,50,36.66495728492737,173.87285828590393,0.00041556358337402344
41,7,117,11.7,5,3,27.160000000000004,33.080000000000005,0.9782222222222222,0.6616000000000001,5,32.6,0.973047619047619,0.652,29.8,170,364067609238,50,124.83860111236572,33.2,0.9782063492063492,0.664,26.0,171,111127028223,50,119.97931671142578,33.0,0.9811746031746031,0.66,27.6,172,178603726933,50,118.45388650894165,33.4,0.9810396825396825,0.668,25.2,173,955054761915,50,113.81061100959778,33.2,0.9776428571428573,0.664,27.2,174,464394464229,50,119.42179822921753,596.5042135715485,0.0004172325134277344
42,1,106,10.6,5,3,4.12,4.640000000000001,0.9900666666666667,0.0928,5,4.6,0.9911666666666666,0.092,4.6,175,364067609238,50,23.12610411643982,4.6,0.9828888888888888,0.092,3.2,176,111127028223,50,28.06795573234558,4.8,0.9893888888888888,0.096,3.8,177,178603726933,50,23.92929196357727,4.6,0.9956111111111112,0.092,5.2,178,955054761915,50,23.311657667160034,4.6,0.9912777777777778,0.092,3.8,179,464394464229,50,23.2362220287323,121.671231508255,0.00041961669921875
43,1,120,12.0,5,3,3.4799999999999995,4.68,0.9737444444444444,0.09359999999999999,5,4.6,0.9688888888888888,0.092,4.4,125,364067609238,50,35.638426780700684,4.8,0.9911666666666666,0.096,3.8,126,111127028223,50,24.756205558776855,4.8,0.9672777777777778,0.096,2.4,127,178603726933,50,35.688154220581055,4.6,0.9691666666666666,0.092,3.8,128,955054761915,50,35.98867416381836,4.6,0.9722222222222222,0.092,3.0,129,464394464229,50,33.96243381500244,166.0338945388794,0.00041365623474121094
44,1,27,2.7,5,3,2.0,2.8400000000000003,0.9741777777777777,0.056799999999999996,5,2.6,0.9846666666666668,0.052,3.4,180,364067609238,50,34.45559501647949,3.0,0.9808333333333332,0.06,1.4,181,111127028223,50,32.9932017326355,3.2,0.9754444444444444,0.064,1.4,182,178603726933,50,38.021591901779175,2.8,0.9649444444444444,0.056,2.4,183,955054761915,50,42.45389366149902,2.6,0.965,0.052,1.4,184,464394464229,50,44.15283942222595,192.07712173461914,0.00045752525329589844
45,1,14,1.4,5,3,1.52,2.0,0.9850333333333333,0.04,5,1.8,0.9923888888888888,0.036,1.8,100,364067609238,50,31.60203981399536,2.0,0.9788888888888888,0.04,1.6,101,111127028223,50,37.29713988304138,2.4,0.9851666666666666,0.048,1.2,102,178603726933,50,32.03077816963196,2.0,0.9820555555555556,0.04,1.8,103,955054761915,50,34.72864246368408,1.8,0.9866666666666668,0.036,1.2,104,464394464229,50,35.341968059539795,171.00056838989258,0.00044918060302734375
46,6,117,11.7,5,3,23.560000000000002,28.439999999999998,0.9796814814814816,0.5688,5,28.6,0.9821574074074074,0.572,25.4,185,364067609238,50,102.99051117897034,28.4,0.9775,0.568,21.6,186,111127028223,50,111.4210741519928,28.2,0.9774907407407408,0.564,25.4,187,178603726933,50,110.99595737457275,28.4,0.9789351851851853,0.568,24.0,188,955054761915,50,108.28283548355103,28.6,0.9823240740740742,0.572,21.4,189,464394464229,50,103.60515522956848,537.2955334186554,0.0004253387451171875
47,7,187,18.7,5,3,26.32,35.519999999999996,0.9729476190476192,0.7103999999999999,5,35.6,0.9726587301587302,0.712,26.8,190,364067609238,50,108.90185236930847,35.4,0.9693492063492064,0.708,24.6,191,111127028223,50,113.82133173942566,35.6,0.981111111111111,0.712,28.6,192,178603726933,50,103.81818842887878,35.8,0.9762142857142857,0.716,26.8,193,955054761915,50,104.84992814064026,35.2,0.9654047619047619,0.704,24.8,194,464394464229,50,117.26360321044922,548.6549038887024,0.0004851818084716797
48,1,25,2.5,5,4,1.9200000000000004,2.8000000000000003,0.9870444444444445,0.055999999999999994,5,2.6,0.998,0.052,1.8,195,364067609238,50,28.3043212890625,2.8,0.9847777777777778,0.056,2.0,196,111127028223,50,32.589452505111694,3.2,0.9909444444444444,0.064,2.8,197,178603726933,50,25.851563930511475,2.8,0.9679444444444444,0.056,2.2,198,955054761915,50,27.189929723739624,2.6,0.9935555555555556,0.052,0.8,199,464394464229,50,27.766916036605835,141.70218348503113,0.0004210472106933594
49,1,13,1.3,5,4,1.36,1.9200000000000004,0.9902111111111112,0.038400000000000004,5,1.6,0.9768333333333332,0.032,1.6,200,364067609238,50,41.52794647216797,1.8,0.9953333333333332,0.036,1.4,201,111127028223,50,29.8093364238739,2.4,0.9871111111111112,0.048,1.2,202,178603726933,50,33.506545305252075,2.0,0.9941666666666666,0.04,1.0,203,955054761915,50,27.73330068588257,1.8,0.9976111111111112,0.036,1.6,204,464394464229,50,29.95125436782837,162.52838325500488,0.0004210472106933594
50,1,17,1.7,5,4,1.9600000000000002,2.2,0.9715,0.044,5,2.0,0.9783333333333334,0.04,1.8,205,364067609238,50,38.88461756706238,2.2,0.9939444444444444,0.044,2.8,206,111127028223,50,28.737516164779663,2.8,0.9843888888888888,0.056,2.0,207,178603726933,50,32.685811042785645,2.0,0.9262777777777778,0.04,1.2,208,955054761915,50,62.46683311462402,2.0,0.9745555555555556,0.04,2.0,209,464394464229,50,40.90497398376465,203.67975187301636,0.000423431396484375
51,2,14,1.4,5,4,3.16,4.0,0.972411111111111,0.08,5,4.0,0.9713333333333334,0.08,2.4,210,364067609238,50,72.79854488372803,3.8,0.9648888888888889,0.076,3.6,211,111127028223,50,83.68074107170105,4.2,0.9817777777777776,0.084,4.6,212,178603726933,50,63.96763730049133,4.0,0.9789166666666667,0.08,2.4,213,955054761915,50,68.23724889755249,4.0,0.9651388888888888,0.08,2.8,214,464394464229,50,78.87919640541077,367.56336855888367,0.0004208087921142578
52,1,27,2.7,5,4,2.0,2.8400000000000003,0.9741777777777777,0.056799999999999996,5,2.6,0.9846666666666668,0.052,3.4,180,364067609238,50,34.45559501647949,3.0,0.9808333333333332,0.06,1.4,181,111127028223,50,32.9932017326355,3.2,0.9754444444444444,0.064,1.4,182,178603726933,50,38.021591901779175,2.8,0.9649444444444444,0.056,2.4,183,955054761915,50,42.45389366149902,2.6,0.965,0.052,1.4,184,464394464229,50,44.15283942222595,192.07712173461914,0.0004711151123046875
53,7,187,18.7,5,4,26.32,35.519999999999996,0.9729476190476192,0.7103999999999999,5,35.6,0.9726587301587302,0.712,26.8,190,364067609238,50,108.90185236930847,35.4,0.9693492063492064,0.708,24.6,191,111127028223,50,113.82133173942566,35.6,0.981111111111111,0.712,28.6,192,178603726933,50,103.81818842887878,35.8,0.9762142857142857,0.716,26.8,193,955054761915,50,104.84992814064026,35.2,0.9654047619047619,0.704,24.8,194,464394464229,50,117.26360321044922,548.6549038887024,0.0004181861877441406
54,7,187,18.7,5,4,26.32,35.519999999999996,0.9729476190476192,0.7103999999999999,5,35.6,0.9726587301587302,0.712,26.8,190,364067609238,50,108.90185236930847,35.4,0.9693492063492064,0.708,24.6,191,111127028223,50,113.82133173942566,35.6,0.981111111111111,0.712,28.6,192,178603726933,50,103.81818842887878,35.8,0.9762142857142857,0.716,26.8,193,955054761915,50,104.84992814064026,35.2,0.9654047619047619,0.704,24.8,194,464394464229,50,117.26360321044922,548.6549038887024,0.0004191398620605469
55,1,13,1.3,5,4,1.36,1.9200000000000004,0.9902111111111112,0.038400000000000004,5,1.6,0.9768333333333332,0.032,1.6,200,364067609238,50,41.52794647216797,1.8,0.9953333333333332,0.036,1.4,201,111127028223,50,29.8093364238739,2.4,0.9871111111111112,0.048,1.2,202,178603726933,50,33.506545305252075,2.0,0.9941666666666666,0.04,1.0,203,955054761915,50,27.73330068588257,1.8,0.9976111111111112,0.036,1.6,204,464394464229,50,29.95125436782837,162.52838325500488,0.0004189014434814453
56,1,18,1.8,5,4,1.8400000000000003,2.2800000000000002,0.9672777777777778,0.0456,5,2.0,0.9425555555555556,0.04,1.4,215,364067609238,50,57.29318618774414,2.4,0.9924444444444444,0.048,1.8,216,111127028223,50,30.72586417198181,2.8,0.9807777777777776,0.056,2.6,217,178603726933,50,35.26670789718628,2.2,0.9815,0.044,1.4,218,955054761915,50,34.882235288619995,2.0,0.9391111111111112,0.04,2.0,219,464394464229,50,57.32568359375,215.49367713928223,0.0004210472106933594
57,1,109,10.9,5,4,3.8,4.640000000000001,0.9849555555555556,0.0928,5,4.6,0.9893333333333332,0.092,4.4,20,364067609238,50,22.600271224975586,4.6,0.9768888888888888,0.092,3.6,21,111127028223,50,31.49966025352478,4.8,0.9840555555555556,0.096,4.0,22,178603726933,50,25.696041584014893,4.6,0.9892222222222222,0.092,4.2,23,955054761915,50,25.189773559570312,4.6,0.9852777777777778,0.092,2.8,24,464394464229,50,24.788013219833374,129.77375984191895,0.00041866302490234375
58,5,12,1.2,5,4,6.4,9.440000000000001,0.9687533333333335,0.1888,5,8.6,0.9813444444444445,0.172,5.6,220,364067609238,50,155.46763920783997,10.0,0.9643,0.2,5.0,221,111127028223,50,177.2268567085266,9.6,0.9617333333333334,0.192,8.0,222,178603726933,50,187.21213173866272,9.2,0.9554,0.184,5.8,223,955054761915,50,205.76831436157227,9.8,0.9809888888888889,0.196,7.6,224,464394464229,50,144.19370412826538,869.868646144867,0.00042128562927246094
59,1,192,19.2,5,4,4.0,5.04,0.9703999999999999,0.1008,5,5.0,0.9648333333333332,0.1,3.2,225,364067609238,50,33.78512644767761,5.0,0.9608888888888888,0.1,4.2,226,111127028223,50,36.83540415763855,5.2,0.9848888888888888,0.104,4.4,227,178603726933,50,22.58807921409607,5.0,0.9702222222222222,0.1,3.6,228,955054761915,50,31.32962656021118,5.0,0.9711666666666666,0.1,4.6,229,464394464229,50,30.8691623210907,155.4073987007141,0.0004181861877441406
60,1,25,2.5,5,5,1.9200000000000004,2.8000000000000003,0.9870444444444445,0.055999999999999994,5,2.6,0.998,0.052,1.8,195,364067609238,50,28.3043212890625,2.8,0.9847777777777778,0.056,2.0,196,111127028223,50,32.589452505111694,3.2,0.9909444444444444,0.064,2.8,197,178603726933,50,25.851563930511475,2.8,0.9679444444444444,0.056,2.2,198,955054761915,50,27.189929723739624,2.6,0.9935555555555556,0.052,0.8,199,464394464229,50,27.766916036605835,141.70218348503113,0.00041484832763671875
61,1,16,1.6,5,5,1.6,2.12,0.9686888888888889,0.04240000000000001,5,2.0,0.9948333333333332,0.04,1.6,230,364067609238,50,29.817879676818848,2.0,0.9381666666666668,0.04,1.8,231,111127028223,50,57.51117205619812,2.6,0.9835555555555556,0.052,1.8,232,178603726933,50,35.49188303947449,2.0,0.9633333333333334,0.04,2.0,233,955054761915,50,45.746395111083984,2.0,0.9635555555555556,0.04,0.8,234,464394464229,50,45.96117830276489,214.52850818634033,0.00042128562927246094
62,1,12,1.2,5,5,1.52,1.8800000000000001,0.9845555555555554,0.0376,5,1.8,0.9845,0.036,1.4,235,364067609238,50,35.99688363075256,1.8,0.9928333333333332,0.036,1.6,236,111127028223,50,32.07826113700867,2.2,0.9788888888888888,0.044,1.6,237,178603726933,50,37.95726752281189,1.8,0.9849444444444444,0.036,1.6,238,955054761915,50,36.33509707450867,1.8,0.9816111111111112,0.036,1.4,239,464394464229,50,37.75844669342041,180.1259560585022,0.0004172325134277344
63,1,13,1.3,5,5,1.36,1.9200000000000004,0.9902111111111112,0.038400000000000004,5,1.6,0.9768333333333332,0.032,1.6,200,364067609238,50,41.52794647216797,1.8,0.9953333333333332,0.036,1.4,201,111127028223,50,29.8093364238739,2.4,0.9871111111111112,0.048,1.2,202,178603726933,50,33.506545305252075,2.0,0.9941666666666666,0.04,1.0,203,955054761915,50,27.73330068588257,1.8,0.9976111111111112,0.036,1.6,204,464394464229,50,29.95125436782837,162.52838325500488,0.0004220008850097656
64,1,82,8.2,5,5,3.7599999999999993,4.32,0.9788,0.0864,5,4.2,0.9686666666666668,0.084,4.8,240,364067609238,50,36.048986196517944,4.4,0.9903333333333332,0.088,3.4,241,111127028223,50,24.040729761123657,4.6,0.9922222222222222,0.092,3.2,242,178603726933,50,22.942357778549194,4.2,0.9646666666666668,0.084,4.0,243,955054761915,50,36.65909743309021,4.2,0.9781111111111112,0.084,3.4,244,464394464229,50,31.49424958229065,151.18542075157166,0.00041961669921875
65,1,13,1.3,5,5,1.36,1.9200000000000004,0.9902111111111112,0.038400000000000004,5,1.6,0.9768333333333332,0.032,1.6,200,364067609238,50,41.52794647216797,1.8,0.9953333333333332,0.036,1.4,201,111127028223,50,29.8093364238739,2.4,0.9871111111111112,0.048,1.2,202,178603726933,50,33.506545305252075,2.0,0.9941666666666666,0.04,1.0,203,955054761915,50,27.73330068588257,1.8,0.9976111111111112,0.036,1.6,204,464394464229,50,29.95125436782837,162.52838325500488,0.00041937828063964844
66,1,45,4.5,5,5,3.2399999999999998,3.56,0.9792444444444446,0.07120000000000001,5,3.4,0.9876111111111112,0.068,3.6,245,364067609238,50,30.62389874458313,3.6,0.9786666666666668,0.072,4.6,246,111127028223,50,32.73756694793701,3.8,0.9688333333333332,0.076,3.2,247,178603726933,50,38.6063117980957,3.6,0.9874444444444443,0.072,2.0,248,955054761915,50,29.52448868751526,3.4,0.9736666666666668,0.068,2.8,249,464394464229,50,37.233248710632324,168.72551488876343,0.0004291534423828125
67,1,19,1.9,5,5,2.2,2.3600000000000003,0.9868555555555556,0.0472,5,2.2,0.9956666666666668,0.044,2.8,250,364067609238,50,29.101253747940063,2.4,0.9934444444444444,0.048,2.6,251,111127028223,50,28.72514533996582,2.8,0.9746111111111112,0.056,1.6,252,178603726933,50,38.953455209732056,2.2,0.9781666666666666,0.044,1.8,253,955054761915,50,38.16498327255249,2.2,0.9923888888888888,0.044,2.2,254,464394464229,50,31.33590602874756,166.280743598938,0.0004565715789794922
68,1,13,1.3,5,5,1.36,1.9200000000000004,0.9902111111111112,0.038400000000000004,5,1.6,0.9768333333333332,0.032,1.6,200,364067609238,50,41.52794647216797,1.8,0.9953333333333332,0.036,1.4,201,111127028223,50,29.8093364238739,2.4,0.9871111111111112,0.048,1.2,202,178603726933,50,33.506545305252075,2.0,0.9941666666666666,0.04,1.0,203,955054761915,50,27.73330068588257,1.8,0.9976111111111112,0.036,1.6,204,464394464229,50,29.95125436782837,162.52838325500488,0.000415802001953125
69,1,13,1.3,5,5,1.36,1.9200000000000004,0.9902111111111112,0.038400000000000004,5,1.6,0.9768333333333332,0.032,1.6,200,364067609238,50,41.52794647216797,1.8,0.9953333333333332,0.036,1.4,201,111127028223,50,29.8093364238739,2.4,0.9871111111111112,0.048,1.2,202,178603726933,50,33.506545305252075,2.0,0.9941666666666666,0.04,1.0,203,955054761915,50,27.73330068588257,1.8,0.9976111111111112,0.036,1.6,204,464394464229,50,29.95125436782837,162.52838325500488,0.0004887580871582031
70,1,12,1.2,5,5,1.52,1.8800000000000001,0.9845555555555554,0.0376,5,1.8,0.9845,0.036,1.4,235,364067609238,50,35.99688363075256,1.8,0.9928333333333332,0.036,1.6,236,111127028223,50,32.07826113700867,2.2,0.9788888888888888,0.044,1.6,237,178603726933,50,37.95726752281189,1.8,0.9849444444444444,0.036,1.6,238,955054761915,50,36.33509707450867,1.8,0.9816111111111112,0.036,1.4,239,464394464229,50,37.75844669342041,180.1259560585022,0.00041675567626953125
71,1,84,8.4,5,5,3.84,4.36,0.9806777777777779,0.0872,5,4.2,0.9622222222222222,0.084,3.6,255,364067609238,50,38.66303634643555,4.4,0.9886666666666668,0.088,5.0,256,111127028223,50,24.018537044525146,4.6,0.9892777777777778,0.092,3.0,257,178603726933,50,24.49091625213623,4.4,0.9916111111111112,0.088,4.2,258,955054761915,50,23.43299174308777,4.2,0.9716111111111112,0.084,3.4,259,464394464229,50,34.41227054595947,145.01775193214417,0.00041985511779785156
72,1,18,1.8,5,6,1.8400000000000003,2.2800000000000002,0.9672777777777778,0.0456,5,2.0,0.9425555555555556,0.04,1.4,215,364067609238,50,57.29318618774414,2.4,0.9924444444444444,0.048,1.8,216,111127028223,50,30.72586417198181,2.8,0.9807777777777776,0.056,2.6,217,178603726933,50,35.26670789718628,2.2,0.9815,0.044,1.4,218,955054761915,50,34.882235288619995,2.0,0.9391111111111112,0.04,2.0,219,464394464229,50,57.32568359375,215.49367713928223,0.0004215240478515625
73,1,12,1.2,5,6,1.52,1.8800000000000001,0.9845555555555554,0.0376,5,1.8,0.9845,0.036,1.4,235,364067609238,50,35.99688363075256,1.8,0.9928333333333332,0.036,1.6,236,111127028223,50,32.07826113700867,2.2,0.9788888888888888,0.044,1.6,237,178603726933,50,37.95726752281189,1.8,0.9849444444444444,0.036,1.6,238,955054761915,50,36.33509707450867,1.8,0.9816111111111112,0.036,1.4,239,464394464229,50,37.75844669342041,180.1259560585022,0.0004208087921142578
74,1,13,1.3,5,6,1.36,1.9200000000000004,0.9902111111111112,0.038400000000000004,5,1.6,0.9768333333333332,0.032,1.6,200,364067609238,50,41.52794647216797,1.8,0.9953333333333332,0.036,1.4,201,111127028223,50,29.8093364238739,2.4,0.9871111111111112,0.048,1.2,202,178603726933,50,33.506545305252075,2.0,0.9941666666666666,0.04,1.0,203,955054761915,50,27.73330068588257,1.8,0.9976111111111112,0.036,1.6,204,464394464229,50,29.95125436782837,162.52838325500488,0.00042057037353515625
75,1,11,1.1,5,6,1.52,1.8,0.9670777777777777,0.036000000000000004,5,1.6,0.9749444444444444,0.032,1.8,260,364067609238,50,41.84087920188904,1.8,0.9924444444444444,0.036,1.6,261,111127028223,50,31.942167043685913,2.0,0.9116666666666666,0.04,1.4,262,178603726933,50,69.35584092140198,1.6,0.9688333333333332,0.032,1.6,263,955054761915,50,44.44453549385071,2.0,0.9875,0.04,1.2,264,464394464229,50,31.581657648086548,219.16508030891418,0.0004563331604003906
76,1,24,2.4,5,6,1.8400000000000003,2.6799999999999997,0.9715,0.0536,5,2.4,0.9785555555555556,0.048,2.0,265,364067609238,50,38.065425395965576,2.8,0.9822777777777778,0.056,2.2,266,111127028223,50,34.485618352890015,3.0,0.9355555555555556,0.06,1.2,267,178603726933,50,55.33824563026428,2.6,0.9643888888888889,0.052,1.4,268,955054761915,50,44.08188247680664,2.6,0.9967222222222222,0.052,2.4,269,464394464229,50,27.480726957321167,199.45189881324768,0.0004169940948486328
77,1,11,1.1,5,6,1.52,1.8,0.9670777777777777,0.036000000000000004,5,1.6,0.9749444444444444,0.032,1.8,260,364067609238,50,41.84087920188904,1.8,0.9924444444444444,0.036,1.6,261,111127028223,50,31.942167043685913,2.0,0.9116666666666666,0.04,1.4,262,178603726933,50,69.35584092140198,1.6,0.9688333333333332,0.032,1.6,263,955054761915,50,44.44453549385071,2.0,0.9875,0.04,1.2,264,464394464229,50,31.581657648086548,219.16508030891418,0.00041675567626953125
78,1,18,1.8,5,6,1.8400000000000003,2.2800000000000002,0.9672777777777778,0.0456,5,2.0,0.9425555555555556,0.04,1.4,215,364067609238,50,57.29318618774414,2.4,0.9924444444444444,0.048,1.8,216,111127028223,50,30.72586417198181,2.8,0.9807777777777776,0.056,2.6,217,178603726933,50,35.26670789718628,2.2,0.9815,0.044,1.4,218,955054761915,50,34.882235288619995,2.0,0.9391111111111112,0.04,2.0,219,464394464229,50,57.32568359375,215.49367713928223,0.0004169940948486328
79,2,26,2.6,5,6,4.32,5.640000000000001,0.9805944444444444,0.11279999999999998,5,5.4,0.9691666666666667,0.108,4.8,270,364067609238,50,69.89534664154053,5.6,0.9792777777777778,0.112,3.6,271,111127028223,50,60.5804808139801,6.0,0.9860833333333333,0.12,4.0,272,178603726933,50,52.47025680541992,5.6,0.9848333333333332,0.112,4.6,273,955054761915,50,54.69659399986267,5.6,0.983611111111111,0.112,4.6,274,464394464229,50,58.288514852523804,295.931193113327,0.0004203319549560547
80,1,15,1.5,5,6,1.4000000000000001,2.12,0.9831666666666667,0.04240000000000001,5,2.0,0.9962222222222222,0.04,1.2,275,364067609238,50,27.280936241149902,2.0,0.9784444444444444,0.04,2.0,276,111127028223,50,38.584553480148315,2.6,0.9966111111111112,0.052,1.6,277,178603726933,50,27.361395120620728,2.0,0.9702777777777778,0.04,1.4,278,955054761915,50,41.27060270309448,2.0,0.9742777777777778,0.04,0.8,279,464394464229,50,39.67940425872803,174.17689180374146,0.0004215240478515625
81,2,14,1.4,5,6,3.16,4.0,0.972411111111111,0.08,5,4.0,0.9713333333333334,0.08,2.4,210,364067609238,50,72.79854488372803,3.8,0.9648888888888889,0.076,3.6,211,111127028223,50,83.68074107170105,4.2,0.9817777777777776,0.084,4.6,212,178603726933,50,63.96763730049133,4.0,0.9789166666666667,0.08,2.4,213,955054761915,50,68.23724889755249,4.0,0.9651388888888888,0.08,2.8,214,464394464229,50,78.87919640541077,367.56336855888367,0.0004203319549560547
82,2,13,1.3,5,6,2.8,3.9199999999999995,0.9779000000000002,0.0784,5,3.6,0.9871666666666666,0.072,4.4,280,364067609238,50,61.014933824539185,4.0,0.9908333333333335,0.08,2.2,281,111127028223,50,54.701701402664185,3.8,0.9584166666666667,0.076,2.8,282,178603726933,50,89.22656059265137,4.2,0.9862222222222223,0.084,2.6,283,955054761915,50,60.30552124977112,4.0,0.9668611111111112,0.08,2.0,284,464394464229,50,77.30402779579163,342.5527448654175,0.00041675567626953125
83,1,12,1.2,5,6,1.52,1.8800000000000001,0.9845555555555554,0.0376,5,1.8,0.9845,0.036,1.4,235,364067609238,50,35.99688363075256,1.8,0.9928333333333332,0.036,1.6,236,111127028223,50,32.07826113700867,2.2,0.9788888888888888,0.044,1.6,237,178603726933,50,37.95726752281189,1.8,0.9849444444444444,0.036,1.6,238,955054761915,50,36.33509707450867,1.8,0.9816111111111112,0.036,1.4,239,464394464229,50,37.75844669342041,180.1259560585022,0.00045108795166015625
84,1,28,2.8,5,7,2.4400000000000004,2.96,0.9884777777777778,0.059199999999999996,5,2.6,0.9862222222222222,0.052,2.8,285,364067609238,50,33.06276512145996,3.0,0.9943888888888888,0.06,2.8,286,111127028223,50,24.6540789604187,3.4,0.9937777777777778,0.068,2.2,287,178603726933,50,25.121586084365845,3.0,0.9876111111111112,0.06,2.0,288,955054761915,50,28.12401032447815,2.8,0.9803888888888888,0.056,2.4,289,464394464229,50,33.74329113960266,144.70573163032532,0.0004227161407470703
85,1,11,1.1,5,7,1.52,1.8,0.9670777777777777,0.036000000000000004,5,1.6,0.9749444444444444,0.032,1.8,260,364067609238,50,41.84087920188904,1.8,0.9924444444444444,0.036,1.6,261,111127028223,50,31.942167043685913,2.0,0.9116666666666666,0.04,1.4,262,178603726933,50,69.35584092140198,1.6,0.9688333333333332,0.032,1.6,263,955054761915,50,44.44453549385071,2.0,0.9875,0.04,1.2,264,464394464229,50,31.581657648086548,219.16508030891418,0.0004172325134277344
86,1,18,1.8,5,7,1.8400000000000003,2.2800000000000002,0.9672777777777778,0.0456,5,2.0,0.9425555555555556,0.04,1.4,215,364067609238,50,57.29318618774414,2.4,0.9924444444444444,0.048,1.8,216,111127028223,50,30.72586417198181,2.8,0.9807777777777776,0.056,2.6,217,178603726933,50,35.26670789718628,2.2,0.9815,0.044,1.4,218,955054761915,50,34.882235288619995,2.0,0.9391111111111112,0.04,2.0,219,464394464229,50,57.32568359375,215.49367713928223,0.00041675567626953125
87,2,10,1.0,5,7,2.8,3.4,0.9830333333333334,0.068,5,3.0,0.9716111111111111,0.06,2.0,290,364067609238,50,79.43112468719482,3.6,0.9882500000000001,0.072,4.0,291,111127028223,50,60.79340839385986,3.6,0.9860833333333332,0.072,3.0,292,178603726933,50,64.72613024711609,3.6,0.9802500000000001,0.072,2.6,293,955054761915,50,66.94247269630432,3.2,0.9889722222222221,0.064,2.4,294,464394464229,50,63.57043743133545,335.46357345581055,0.0004200935363769531
88,2,40,4.0,5,7,5.6000000000000005,6.8,0.9820333333333334,0.136,5,6.8,0.9875277777777778,0.136,5.2,295,364067609238,50,49.17601943016052,6.8,0.9780833333333334,0.136,6.2,296,111127028223,50,58.67281723022461,7.0,0.9805277777777777,0.14,6.2,297,178603726933,50,54.30323648452759,6.6,0.9769444444444444,0.132,6.6,298,955054761915,50,59.47412991523743,6.8,0.9870833333333333,0.136,3.8,299,464394464229,50,48.75482511520386,270.381028175354,0.00042128562927246094
89,1,17,1.7,5,7,1.9600000000000002,2.2,0.9715,0.044,5,2.0,0.9783333333333334,0.04,1.8,205,364067609238,50,38.88461756706238,2.2,0.9939444444444444,0.044,2.8,206,111127028223,50,28.737516164779663,2.8,0.9843888888888888,0.056,2.0,207,178603726933,50,32.685811042785645,2.0,0.9262777777777778,0.04,1.2,208,955054761915,50,62.46683311462402,2.0,0.9745555555555556,0.04,2.0,209,464394464229,50,40.90497398376465,203.67975187301636,0.0004191398620605469
90,1,26,2.6,5,7,2.16,2.8000000000000003,0.9806555555555555,0.055999999999999994,5,2.6,0.9763888888888888,0.052,2.0,300,364067609238,50,38.7695996761322,2.8,0.9648333333333332,0.056,2.2,301,111127028223,50,43.36698293685913,3.2,0.9925,0.064,2.6,302,178603726933,50,26.061147928237915,2.8,0.9841666666666666,0.056,2.2,303,955054761915,50,33.29249334335327,2.6,0.9853888888888888,0.052,1.8,304,464394464229,50,35.89592933654785,177.38615322113037,0.0004184246063232422
91,1,16,1.6,5,7,1.6,2.12,0.9686888888888889,0.04240000000000001,5,2.0,0.9948333333333332,0.04,1.6,230,364067609238,50,29.817879676818848,2.0,0.9381666666666668,0.04,1.8,231,111127028223,50,57.51117205619812,2.6,0.9835555555555556,0.052,1.8,232,178603726933,50,35.49188303947449,2.0,0.9633333333333334,0.04,2.0,233,955054761915,50,45.746395111083984,2.0,0.9635555555555556,0.04,0.8,234,464394464229,50,45.96117830276489,214.52850818634033,0.000484466552734375
92,1,21,2.1,5,7,2.2,2.52,0.9812888888888889,0.0504,5,2.4,0.9928888888888888,0.048,2.2,305,364067609238,50,28.330838918685913,2.6,0.9858888888888888,0.052,2.2,306,111127028223,50,32.370742321014404,2.8,0.9643888888888889,0.056,1.2,307,178603726933,50,43.35611844062805,2.4,0.9813888888888888,0.048,1.6,308,955054761915,50,36.176881313323975,2.4,0.9818888888888888,0.048,3.8,309,464394464229,50,37.878657579422,178.11323857307434,0.00041675567626953125
93,1,12,1.2,5,7,1.52,1.8800000000000001,0.9845555555555554,0.0376,5,1.8,0.9845,0.036,1.4,235,364067609238,50,35.99688363075256,1.8,0.9928333333333332,0.036,1.6,236,111127028223,50,32.07826113700867,2.2,0.9788888888888888,0.044,1.6,237,178603726933,50,37.95726752281189,1.8,0.9849444444444444,0.036,1.6,238,955054761915,50,36.33509707450867,1.8,0.9816111111111112,0.036,1.4,239,464394464229,50,37.75844669342041,180.1259560585022,0.0004150867462158203
94,1,17,1.7,5,7,1.9600000000000002,2.2,0.9715,0.044,5,2.0,0.9783333333333334,0.04,1.8,205,364067609238,50,38.88461756706238,2.2,0.9939444444444444,0.044,2.8,206,111127028223,50,28.737516164779663,2.8,0.9843888888888888,0.056,2.0,207,178603726933,50,32.685811042785645,2.0,0.9262777777777778,0.04,1.2,208,955054761915,50,62.46683311462402,2.0,0.9745555555555556,0.04,2.0,209,464394464229,50,40.90497398376465,203.67975187301636,0.0004119873046875
95,1,27,2.7,5,7,2.0,2.8400000000000003,0.9741777777777777,0.056799999999999996,5,2.6,0.9846666666666668,0.052,3.4,180,364067609238,50,34.45559501647949,3.0,0.9808333333333332,0.06,1.4,181,111127028223,50,32.9932017326355,3.2,0.9754444444444444,0.064,1.4,182,178603726933,50,38.021591901779175,2.8,0.9649444444444444,0.056,2.4,183,955054761915,50,42.45389366149902,2.6,0.965,0.052,1.4,184,464394464229,50,44.15283942222595,192.07712173461914,0.0004169940948486328
96,2,37,3.7,5,8,5.639999999999999,6.5600000000000005,0.9786833333333333,0.1312,5,6.4,0.9653888888888889,0.128,6.8,310,364067609238,50,71.4429407119751,6.6,0.9874722222222223,0.132,5.8,311,111127028223,50,51.20036435127258,6.8,0.9762500000000001,0.136,5.8,312,178603726933,50,57.69270610809326,6.4,0.9717222222222224,0.128,6.4,313,955054761915,50,63.35663080215454,6.6,0.9925833333333334,0.132,3.4,314,464394464229,50,44.926329612731934,288.6189715862274,0.00042366981506347656
97,3,14,1.4,5,8,4.4399999999999995,5.92,0.9655222222222222,0.11839999999999999,5,6.0,0.9823518518518518,0.12,4.6,315,364067609238,50,93.39759111404419,5.8,0.9427407407407408,0.116,4.6,316,111127028223,50,145.45629334449768,6.0,0.9803148148148148,0.12,3.2,317,178603726933,50,92.90909719467163,5.8,0.9729444444444444,0.116,5.8,318,955054761915,50,106.37853407859802,6.0,0.9492592592592591,0.12,4.0,319,464394464229,50,137.27141761779785,575.4129333496094,0.0004162788391113281
98,1,18,1.8,5,8,1.8400000000000003,2.2800000000000002,0.9672777777777778,0.0456,5,2.0,0.9425555555555556,0.04,1.4,215,364067609238,50,57.29318618774414,2.4,0.9924444444444444,0.048,1.8,216,111127028223,50,30.72586417198181,2.8,0.9807777777777776,0.056,2.6,217,178603726933,50,35.26670789718628,2.2,0.9815,0.044,1.4,218,955054761915,50,34.882235288619995,2.0,0.9391111111111112,0.04,2.0,219,464394464229,50,57.32568359375,215.49367713928223,0.00046443939208984375
99,1,13,1.3,5,8,1.36,1.9200000000000004,0.9902111111111112,0.038400000000000004,5,1.6,0.9768333333333332,0.032,1.6,200,364067609238,50,41.52794647216797,1.8,0.9953333333333332,0.036,1.4,201,111127028223,50,29.8093364238739,2.4,0.9871111111111112,0.048,1.2,202,178603726933,50,33.506545305252075,2.0,0.9941666666666666,0.04,1.0,203,955054761915,50,27.73330068588257,1.8,0.9976111111111112,0.036,1.6,204,464394464229,50,29.95125436782837,162.52838325500488,0.00041604042053222656
100,1,13,1.3,5,8,1.36,1.9200000000000004,0.9902111111111112,0.038400000000000004,5,1.6,0.9768333333333332,0.032,1.6,200,364067609238,50,41.52794647216797,1.8,0.9953333333333332,0.036,1.4,201,111127028223,50,29.8093364238739,2.4,0.9871111111111112,0.048,1.2,202,178603726933,50,33.506545305252075,2.0,0.9941666666666666,0.04,1.0,203,955054761915,50,27.73330068588257,1.8,0.9976111111111112,0.036,1.6,204,464394464229,50,29.95125436782837,162.52838325500488,0.0004191398620605469
101,1,26,2.6,5,8,2.16,2.8000000000000003,0.9806555555555555,0.055999999999999994,5,2.6,0.9763888888888888,0.052,2.0,300,364067609238,50,38.7695996761322,2.8,0.9648333333333332,0.056,2.2,301,111127028223,50,43.36698293685913,3.2,0.9925,0.064,2.6,302,178603726933,50,26.061147928237915,2.8,0.9841666666666666,0.056,2.2,303,955054761915,50,33.29249334335327,2.6,0.9853888888888888,0.052,1.8,304,464394464229,50,35.89592933654785,177.38615322113037,0.00041604042053222656
102,1,17,1.7,5,8,1.9600000000000002,2.2,0.9715,0.044,5,2.0,0.9783333333333334,0.04,1.8,205,364067609238,50,38.88461756706238,2.2,0.9939444444444444,0.044,2.8,206,111127028223,50,28.737516164779663,2.8,0.9843888888888888,0.056,2.0,207,178603726933,50,32.685811042785645,2.0,0.9262777777777778,0.04,1.2,208,955054761915,50,62.46683311462402,2.0,0.9745555555555556,0.04,2.0,209,464394464229,50,40.90497398376465,203.67975187301636,0.00041985511779785156
103,1,11,1.1,5,8,1.52,1.8,0.9670777777777777,0.036000000000000004,5,1.6,0.9749444444444444,0.032,1.8,260,364067609238,50,41.84087920188904,1.8,0.9924444444444444,0.036,1.6,261,111127028223,50,31.942167043685913,2.0,0.9116666666666666,0.04,1.4,262,178603726933,50,69.35584092140198,1.6,0.9688333333333332,0.032,1.6,263,955054761915,50,44.44453549385071,2.0,0.9875,0.04,1.2,264,464394464229,50,31.581657648086548,219.16508030891418,0.00041794776916503906
104,1,14,1.4,5,8,1.52,2.0,0.9850333333333333,0.04,5,1.8,0.9923888888888888,0.036,1.8,100,364067609238,50,31.60203981399536,2.0,0.9788888888888888,0.04,1.6,101,111127028223,50,37.29713988304138,2.4,0.9851666666666666,0.048,1.2,102,178603726933,50,32.03077816963196,2.0,0.9820555555555556,0.04,1.8,103,955054761915,50,34.72864246368408,1.8,0.9866666666666668,0.036,1.2,104,464394464229,50,35.341968059539795,171.00056838989258,0.00041961669921875
105,1,14,1.4,5,8,1.52,2.0,0.9850333333333333,0.04,5,1.8,0.9923888888888888,0.036,1.8,100,364067609238,50,31.60203981399536,2.0,0.9788888888888888,0.04,1.6,101,111127028223,50,37.29713988304138,2.4,0.9851666666666666,0.048,1.2,102,178603726933,50,32.03077816963196,2.0,0.9820555555555556,0.04,1.8,103,955054761915,50,34.72864246368408,1.8,0.9866666666666668,0.036,1.2,104,464394464229,50,35.341968059539795,171.00056838989258,0.0004181861877441406
106,1,13,1.3,5,8,1.36,1.9200000000000004,0.9902111111111112,0.038400000000000004,5,1.6,0.9768333333333332,0.032,1.6,200,364067609238,50,41.52794647216797,1.8,0.9953333333333332,0.036,1.4,201,111127028223,50,29.8093364238739,2.4,0.9871111111111112,0.048,1.2,202,178603726933,50,33.506545305252075,2.0,0.9941666666666666,0.04,1.0,203,955054761915,50,27.73330068588257,1.8,0.9976111111111112,0.036,1.6,204,464394464229,50,29.95125436782837,162.52838325500488,0.0004703998565673828
107,1,27,2.7,5,8,2.0,2.8400000000000003,0.9741777777777777,0.056799999999999996,5,2.6,0.9846666666666668,0.052,3.4,180,364067609238,50,34.45559501647949,3.0,0.9808333333333332,0.06,1.4,181,111127028223,50,32.9932017326355,3.2,0.9754444444444444,0.064,1.4,182,178603726933,50,38.021591901779175,2.8,0.9649444444444444,0.056,2.4,183,955054761915,50,42.45389366149902,2.6,0.965,0.052,1.4,184,464394464229,50,44.15283942222595,192.07712173461914,0.000415802001953125
108,1,26,2.6,5,9,2.16,2.8000000000000003,0.9806555555555555,0.055999999999999994,5,2.6,0.9763888888888888,0.052,2.0,300,364067609238,50,38.7695996761322,2.8,0.9648333333333332,0.056,2.2,301,111127028223,50,43.36698293685913,3.2,0.9925,0.064,2.6,302,178603726933,50,26.061147928237915,2.8,0.9841666666666666,0.056,2.2,303,955054761915,50,33.29249334335327,2.6,0.9853888888888888,0.052,1.8,304,464394464229,50,35.89592933654785,177.38615322113037,0.00041675567626953125
109,1,16,1.6,5,9,1.6,2.12,0.9686888888888889,0.04240000000000001,5,2.0,0.9948333333333332,0.04,1.6,230,364067609238,50,29.817879676818848,2.0,0.9381666666666668,0.04,1.8,231,111127028223,50,57.51117205619812,2.6,0.9835555555555556,0.052,1.8,232,178603726933,50,35.49188303947449,2.0,0.9633333333333334,0.04,2.0,233,955054761915,50,45.746395111083984,2.0,0.9635555555555556,0.04,0.8,234,464394464229,50,45.96117830276489,214.52850818634033,0.0004177093505859375
110,1,11,1.1,5,9,1.52,1.8,0.9670777777777777,0.036000000000000004,5,1.6,0.9749444444444444,0.032,1.8,260,364067609238,50,41.84087920188904,1.8,0.9924444444444444,0.036,1.6,261,111127028223,50,31.942167043685913,2.0,0.9116666666666666,0.04,1.4,262,178603726933,50,69.35584092140198,1.6,0.9688333333333332,0.032,1.6,263,955054761915,50,44.44453549385071,2.0,0.9875,0.04,1.2,264,464394464229,50,31.581657648086548,219.16508030891418,0.0004189014434814453
111,1,25,2.5,5,9,1.9200000000000004,2.8000000000000003,0.9870444444444445,0.055999999999999994,5,2.6,0.998,0.052,1.8,195,364067609238,50,28.3043212890625,2.8,0.9847777777777778,0.056,2.0,196,111127028223,50,32.589452505111694,3.2,0.9909444444444444,0.064,2.8,197,178603726933,50,25.851563930511475,2.8,0.9679444444444444,0.056,2.2,198,955054761915,50,27.189929723739624,2.6,0.9935555555555556,0.052,0.8,199,464394464229,50,27.766916036605835,141.70218348503113,0.0004203319549560547
112,1,14,1.4,5,9,1.52,2.0,0.9850333333333333,0.04,5,1.8,0.9923888888888888,0.036,1.8,100,364067609238,50,31.60203981399536,2.0,0.9788888888888888,0.04,1.6,101,111127028223,50,37.29713988304138,2.4,0.9851666666666666,0.048,1.2,102,178603726933,50,32.03077816963196,2.0,0.9820555555555556,0.04,1.8,103,955054761915,50,34.72864246368408,1.8,0.9866666666666668,0.036,1.2,104,464394464229,50,35.341968059539795,171.00056838989258,0.0004143714904785156
113,1,18,1.8,5,9,1.8400000000000003,2.2800000000000002,0.9672777777777778,0.0456,5,2.0,0.9425555555555556,0.04,1.4,215,364067609238,50,57.29318618774414,2.4,0.9924444444444444,0.048,1.8,216,111127028223,50,30.72586417198181,2.8,0.9807777777777776,0.056,2.6,217,178603726933,50,35.26670789718628,2.2,0.9815,0.044,1.4,218,955054761915,50,34.882235288619995,2.0,0.9391111111111112,0.04,2.0,219,464394464229,50,57.32568359375,215.49367713928223,0.00048232078552246094
114,1,11,1.1,5,9,1.52,1.8,0.9670777777777777,0.036000000000000004,5,1.6,0.9749444444444444,0.032,1.8,260,364067609238,50,41.84087920188904,1.8,0.9924444444444444,0.036,1.6,261,111127028223,50,31.942167043685913,2.0,0.9116666666666666,0.04,1.4,262,178603726933,50,69.35584092140198,1.6,0.9688333333333332,0.032,1.6,263,955054761915,50,44.44453549385071,2.0,0.9875,0.04,1.2,264,464394464229,50,31.581657648086548,219.16508030891418,0.0004494190216064453
115,1,10,1.0,5,9,1.4400000000000002,1.64,0.9757333333333336,0.0328,5,1.6,0.9687222222222224,0.032,1.8,320,364067609238,50,47.6476411819458,1.6,0.9734444444444444,0.032,1.6,321,111127028223,50,43.4381902217865,2.0,0.9695,0.04,1.4,322,178603726933,50,42.24941039085388,1.4,0.9807222222222224,0.028,1.4,323,955054761915,50,40.961235761642456,1.6,0.9862777777777778,0.032,1.0,324,464394464229,50,38.711018085479736,213.00749564170837,0.0004150867462158203
116,1,12,1.2,5,9,1.52,1.8800000000000001,0.9845555555555554,0.0376,5,1.8,0.9845,0.036,1.4,235,364067609238,50,35.99688363075256,1.8,0.9928333333333332,0.036,1.6,236,111127028223,50,32.07826113700867,2.2,0.9788888888888888,0.044,1.6,237,178603726933,50,37.95726752281189,1.8,0.9849444444444444,0.036,1.6,238,955054761915,50,36.33509707450867,1.8,0.9816111111111112,0.036,1.4,239,464394464229,50,37.75844669342041,180.1259560585022,0.0004146099090576172
117,1,20,2.0,5,9,2.04,2.44,0.9867666666666667,0.048799999999999996,5,2.2,0.9890555555555556,0.044,2.8,325,364067609238,50,31.383453845977783,2.6,0.9970555555555556,0.052,2.2,326,111127028223,50,28.05582308769226,2.8,0.9891666666666666,0.056,1.4,327,178603726933,50,31.52941393852234,2.4,0.981,0.048,2.4,328,955054761915,50,35.87525248527527,2.2,0.9775555555555556,0.044,1.4,329,464394464229,50,37.75282287597656,164.5967662334442,0.00041675567626953125
118,1,10,1.0,5,9,1.4400000000000002,1.64,0.9757333333333336,0.0328,5,1.6,0.9687222222222224,0.032,1.8,320,364067609238,50,47.6476411819458,1.6,0.9734444444444444,0.032,1.6,321,111127028223,50,43.4381902217865,2.0,0.9695,0.04,1.4,322,178603726933,50,42.24941039085388,1.4,0.9807222222222224,0.028,1.4,323,955054761915,50,40.961235761642456,1.6,0.9862777777777778,0.032,1.0,324,464394464229,50,38.711018085479736,213.00749564170837,0.00041866302490234375
119,1,13,1.3,5,9,1.36,1.9200000000000004,0.9902111111111112,0.038400000000000004,5,1.6,0.9768333333333332,0.032,1.6,200,364067609238,50,41.52794647216797,1.8,0.9953333333333332,0.036,1.4,201,111127028223,50,29.8093364238739,2.4,0.9871111111111112,0.048,1.2,202,178603726933,50,33.506545305252075,2.0,0.9941666666666666,0.04,1.0,203,955054761915,50,27.73330068588257,1.8,0.9976111111111112,0.036,1.6,204,464394464229,50,29.95125436782837,162.52838325500488,0.0004172325134277344
120,1,14,1.4,5,10,1.52,2.0,0.9850333333333333,0.04,5,1.8,0.9923888888888888,0.036,1.8,100,364067609238,50,31.60203981399536,2.0,0.9788888888888888,0.04,1.6,101,111127028223,50,37.29713988304138,2.4,0.9851666666666666,0.048,1.2,102,178603726933,50,32.03077816963196,2.0,0.9820555555555556,0.04,1.8,103,955054761915,50,34.72864246368408,1.8,0.9866666666666668,0.036,1.2,104,464394464229,50,35.341968059539795,171.00056838989258,0.0004177093505859375
121,2,14,1.4,5,10,3.16,4.0,0.972411111111111,0.08,5,4.0,0.9713333333333334,0.08,2.4,210,364067609238,50,72.79854488372803,3.8,0.9648888888888889,0.076,3.6,211,111127028223,50,83.68074107170105,4.2,0.9817777777777776,0.084,4.6,212,178603726933,50,63.96763730049133,4.0,0.9789166666666667,0.08,2.4,213,955054761915,50,68.23724889755249,4.0,0.9651388888888888,0.08,2.8,214,464394464229,50,78.87919640541077,367.56336855888367,0.0004723072052001953
122,1,10,1.0,5,10,1.4400000000000002,1.64,0.9757333333333336,0.0328,5,1.6,0.9687222222222224,0.032,1.8,320,364067609238,50,47.6476411819458,1.6,0.9734444444444444,0.032,1.6,321,111127028223,50,43.4381902217865,2.0,0.9695,0.04,1.4,322,178603726933,50,42.24941039085388,1.4,0.9807222222222224,0.028,1.4,323,955054761915,50,40.961235761642456,1.6,0.9862777777777778,0.032,1.0,324,464394464229,50,38.711018085479736,213.00749564170837,0.0004165172576904297
123,1,12,1.2,5,10,1.52,1.8800000000000001,0.9845555555555554,0.0376,5,1.8,0.9845,0.036,1.4,235,364067609238,50,35.99688363075256,1.8,0.9928333333333332,0.036,1.6,236,111127028223,50,32.07826113700867,2.2,0.9788888888888888,0.044,1.6,237,178603726933,50,37.95726752281189,1.8,0.9849444444444444,0.036,1.6,238,955054761915,50,36.33509707450867,1.8,0.9816111111111112,0.036,1.4,239,464394464229,50,37.75844669342041,180.1259560585022,0.0004191398620605469
124,1,23,2.3,5,10,2.2,2.6399999999999997,0.974011111111111,0.0528,5,2.4,0.9695,0.048,2.6,330,364067609238,50,43.30597376823425,2.8,0.9932222222222222,0.056,2.4,331,111127028223,50,27.40841031074524,3.0,0.9545555555555556,0.06,2.4,332,178603726933,50,46.47915434837341,2.6,0.9873333333333332,0.052,1.0,333,955054761915,50,31.516281366348267,2.4,0.9654444444444444,0.048,2.6,334,464394464229,50,45.37711429595947,194.08693408966064,0.0004181861877441406
125,1,14,1.4,5,10,1.52,2.0,0.9850333333333333,0.04,5,1.8,0.9923888888888888,0.036,1.8,100,364067609238,50,31.60203981399536,2.0,0.9788888888888888,0.04,1.6,101,111127028223,50,37.29713988304138,2.4,0.9851666666666666,0.048,1.2,102,178603726933,50,32.03077816963196,2.0,0.9820555555555556,0.04,1.8,103,955054761915,50,34.72864246368408,1.8,0.9866666666666668,0.036,1.2,104,464394464229,50,35.341968059539795,171.00056838989258,0.00041484832763671875
126,1,30,3.0,5,10,2.3200000000000003,3.04,0.9765333333333335,0.0608,5,2.8,0.9826111111111112,0.056,3.0,335,364067609238,50,32.79224896430969,3.0,0.9791111111111112,0.06,1.6,336,111127028223,50,34.61162972450256,3.4,0.9765,0.068,2.2,337,178603726933,50,36.6613404750824,3.0,0.9645555555555556,0.06,2.6,338,955054761915,50,40.67571949958801,3.0,0.9798888888888888,0.06,2.2,339,464394464229,50,24.91790771484375,169.65884637832642,0.00041675567626953125
127,1,11,1.1,5,10,1.52,1.8,0.9670777777777777,0.036000000000000004,5,1.6,0.9749444444444444,0.032,1.8,260,364067609238,50,41.84087920188904,1.8,0.9924444444444444,0.036,1.6,261,111127028223,50,31.942167043685913,2.0,0.9116666666666666,0.04,1.4,262,178603726933,50,69.35584092140198,1.6,0.9688333333333332,0.032,1.6,263,955054761915,50,44.44453549385071,2.0,0.9875,0.04,1.2,264,464394464229,50,31.581657648086548,219.16508030891418,0.0004165172576904297
128,1,16,1.6,5,10,1.6,2.12,0.9686888888888889,0.04240000000000001,5,2.0,0.9948333333333332,0.04,1.6,230,364067609238,50,29.817879676818848,2.0,0.9381666666666668,0.04,1.8,231,111127028223,50,57.51117205619812,2.6,0.9835555555555556,0.052,1.8,232,178603726933,50,35.49188303947449,2.0,0.9633333333333334,0.04,2.0,233,955054761915,50,45.746395111083984,2.0,0.9635555555555556,0.04,0.8,234,464394464229,50,45.96117830276489,214.52850818634033,0.00041556358337402344
129,1,16,1.6,5,10,1.6,2.12,0.9686888888888889,0.04240000000000001,5,2.0,0.9948333333333332,0.04,1.6,230,364067609238,50,29.817879676818848,2.0,0.9381666666666668,0.04,1.8,231,111127028223,50,57.51117205619812,2.6,0.9835555555555556,0.052,1.8,232,178603726933,50,35.49188303947449,2.0,0.9633333333333334,0.04,2.0,233,955054761915,50,45.746395111083984,2.0,0.9635555555555556,0.04,0.8,234,464394464229,50,45.96117830276489,214.52850818634033,0.0004603862762451172
130,1,14,1.4,5,10,1.52,2.0,0.9850333333333333,0.04,5,1.8,0.9923888888888888,0.036,1.8,100,364067609238,50,31.60203981399536,2.0,0.9788888888888888,0.04,1.6,101,111127028223,50,37.29713988304138,2.4,0.9851666666666666,0.048,1.2,102,178603726933,50,32.03077816963196,2.0,0.9820555555555556,0.04,1.8,103,955054761915,50,34.72864246368408,1.8,0.9866666666666668,0.036,1.2,104,464394464229,50,35.341968059539795,171.00056838989258,0.0004181861877441406
131,1,10,1.0,5,10,1.4400000000000002,1.64,0.9757333333333336,0.0328,5,1.6,0.9687222222222224,0.032,1.8,320,364067609238,50,47.6476411819458,1.6,0.9734444444444444,0.032,1.6,321,111127028223,50,43.4381902217865,2.0,0.9695,0.04,1.4,322,178603726933,50,42.24941039085388,1.4,0.9807222222222224,0.028,1.4,323,955054761915,50,40.961235761642456,1.6,0.9862777777777778,0.032,1.0,324,464394464229,50,38.711018085479736,213.00749564170837,0.0004200935363769531
